{
    "temperatura": 31.652000000000015,
    "precipitacion": 0.0,
    "humedad": 41.46280000000002,
    "direccion_viento": 66.11,
    "fecha": "05-07-2024"
}